id,title,entered_Reported,entered_Triaged,entered_In Progress,entered_Pending Verification,entered_Resolved
INC-0001,CI/CD timeout issue,2025-09-05,2025-09-05,2025-09-08,2025-09-10,
INC-0002,Monitoring config error,2025-09-05,2025-09-05,2025-09-06,2025-09-10,2025-09-12
INC-0003,Email performance degradation,2025-09-05,2025-09-05,2025-09-08,2025-09-12,2025-09-14
INC-0004,CI/CD login failure,2025-09-05,2025-09-06,2025-09-08,2025-09-12,2025-09-15
INC-0005,VPN disk space alert,2025-09-08,2025-09-08,2025-09-11,2025-09-16,2025-09-19
INC-0006,VPN backup failure,2025-09-08,2025-09-09,2025-09-10,2025-09-12,2025-09-14
INC-0007,Load Balancer login failure,2025-09-08,2025-09-09,2025-09-12,2025-09-16,2025-09-18
INC-0008,Storage network connectivity,2025-09-08,2025-09-08,2025-09-11,2025-09-15,2025-09-18
INC-0009,Auth performance degradation,2025-09-09,2025-09-10,2025-09-13,2025-09-15,2025-09-17
INC-0010,DNS data sync error,2025-09-09,2025-09-10,2025-09-12,2025-09-14,2025-09-15
INC-0011,Cache network connectivity,2025-09-09,2025-09-10,2025-09-12,2025-09-17,2025-09-20
INC-0012,Monitoring network connectivity,2025-09-09,2025-09-10,2025-09-13,2025-09-18,2025-09-19
INC-0013,CI/CD data sync error,2025-09-09,2025-09-10,2025-09-11,2025-09-15,2025-09-18
INC-0014,Load Balancer disk space alert,2025-09-09,2025-09-09,2025-09-11,2025-09-15,2025-09-16
INC-0015,Load Balancer login failure,2025-09-10,2025-09-11,2025-09-12,2025-09-17,2025-09-18
INC-0016,Firewall performance degradation,2025-09-10,2025-09-10,2025-09-11,2025-09-14,2025-09-16
INC-0017,API Gateway permission denied,2025-09-10,2025-09-10,2025-09-13,2025-09-16,2025-09-17
INC-0018,Email disk space alert,2025-09-10,2025-09-10,2025-09-12,2025-09-15,2025-09-16
INC-0019,VPN service unavailable,2025-09-10,2025-09-10,2025-09-13,2025-09-16,2025-09-17
INC-0020,Email performance degradation,2025-09-10,2025-09-10,2025-09-13,2025-09-15,
INC-0021,VPN backup failure,2025-09-11,2025-09-11,2025-09-14,2025-09-19,2025-09-20
INC-0022,Auth network connectivity,2025-09-11,2025-09-11,2025-09-13,2025-09-16,2025-09-19
INC-0023,CI/CD service unavailable,2025-09-11,2025-09-12,2025-09-14,2025-09-16,2025-09-19
INC-0024,CI/CD config error,2025-09-11,2025-09-12,,,
INC-0025,Email performance degradation,2025-09-11,2025-09-12,2025-09-15,2025-09-17,2025-09-18
INC-0026,DNS backup failure,2025-09-11,2025-09-12,2025-09-14,2025-09-18,2025-09-21
INC-0027,CI/CD certificate expired,2025-09-11,2025-09-11,2025-09-14,2025-09-17,2025-09-18
INC-0028,Database config error,2025-09-12,2025-09-13,2025-09-15,2025-09-20,2025-09-22
INC-0029,Load Balancer performance degradation,2025-09-12,2025-09-13,2025-09-16,2025-09-20,2025-09-22
INC-0030,Database certificate expired,2025-09-12,2025-09-12,2025-09-13,2025-09-15,2025-09-16
INC-0031,DNS network connectivity,2025-09-12,2025-09-13,2025-09-14,2025-09-16,2025-09-19
INC-0032,Auth config error,2025-09-12,2025-09-12,2025-09-14,2025-09-19,2025-09-21
INC-0033,Load Balancer performance degradation,2025-09-12,2025-09-13,2025-09-15,2025-09-18,2025-09-19
INC-0034,Firewall timeout issue,2025-09-15,2025-09-16,2025-09-19,2025-09-21,2025-09-23
INC-0035,Load Balancer network connectivity,2025-09-15,2025-09-16,2025-09-19,2025-09-21,2025-09-24
INC-0036,Email config error,2025-09-15,2025-09-16,2025-09-17,2025-09-21,2025-09-22
INC-0037,API Gateway login failure,2025-09-16,2025-09-16,2025-09-17,2025-09-22,2025-09-23
INC-0038,Monitoring certificate expired,2025-09-16,2025-09-16,2025-09-17,2025-09-20,2025-09-23
INC-0039,Firewall network connectivity,2025-09-16,2025-09-16,2025-09-18,2025-09-22,2025-09-24
INC-0040,Database deployment failed,2025-09-16,2025-09-16,2025-09-17,2025-09-19,2025-09-20
INC-0041,Email certificate expired,2025-09-16,2025-09-17,2025-09-19,2025-09-24,2025-09-27
INC-0042,Load Balancer timeout issue,2025-09-17,2025-09-17,2025-09-19,2025-09-21,2025-09-23
INC-0043,Storage service unavailable,2025-09-17,2025-09-18,2025-09-21,2025-09-25,2025-09-28
INC-0044,API Gateway data sync error,2025-09-17,2025-09-17,2025-09-18,2025-09-22,2025-09-23
INC-0045,Cache backup failure,2025-09-17,2025-09-18,2025-09-20,2025-09-22,2025-09-23
INC-0046,DNS disk space alert,2025-09-17,2025-09-17,2025-09-19,2025-09-22,2025-09-25
INC-0047,Auth certificate expired,2025-09-17,2025-09-18,2025-09-19,2025-09-21,2025-09-23
INC-0048,Monitoring network connectivity,2025-09-17,2025-09-17,2025-09-19,2025-09-24,2025-09-27
INC-0049,API Gateway permission denied,2025-09-18,2025-09-19,2025-09-20,2025-09-22,2025-09-24
INC-0050,Database certificate expired,2025-09-18,2025-09-19,2025-09-22,2025-09-24,2025-09-26
INC-0051,Cache timeout issue,2025-09-18,2025-09-19,2025-09-22,2025-09-27,2025-09-28
INC-0052,DNS disk space alert,2025-09-18,2025-09-19,2025-09-20,2025-09-22,2025-09-23
INC-0053,Database data sync error,2025-09-18,2025-09-19,2025-09-21,2025-09-24,2025-09-27
INC-0054,Database deployment failed,2025-09-18,2025-09-18,2025-09-19,2025-09-22,2025-09-25
INC-0055,Firewall deployment failed,2025-09-19,2025-09-20,2025-09-23,2025-09-28,2025-10-01
INC-0056,Database backup failure,2025-09-19,2025-09-20,2025-09-23,2025-09-26,2025-09-28
INC-0057,DNS permission denied,2025-09-19,2025-09-20,2025-09-22,2025-09-24,
INC-0058,Database timeout issue,2025-09-19,2025-09-20,2025-09-21,2025-09-25,2025-09-26
INC-0059,Firewall backup failure,2025-09-19,2025-09-19,2025-09-22,2025-09-27,2025-09-30
INC-0060,Firewall permission denied,2025-09-19,2025-09-19,2025-09-21,2025-09-24,2025-09-27
INC-0061,Database config error,2025-09-22,2025-09-22,2025-09-24,2025-09-28,2025-09-29
INC-0062,DNS backup failure,2025-09-22,2025-09-22,2025-09-23,2025-09-28,2025-09-29
INC-0063,Monitoring certificate expired,2025-09-22,2025-09-22,2025-09-24,2025-09-28,2025-09-30
INC-0064,VPN login failure,2025-09-22,2025-09-22,2025-09-25,2025-09-29,2025-10-02
INC-0065,Database permission denied,2025-09-23,2025-09-24,2025-09-26,2025-09-29,2025-10-02
INC-0066,Firewall performance degradation,2025-09-23,2025-09-23,2025-09-25,2025-09-30,2025-10-02
INC-0067,VPN deployment failed,2025-09-23,2025-09-23,2025-09-25,2025-09-30,2025-10-03
INC-0068,VPN disk space alert,2025-09-23,2025-09-23,2025-09-26,2025-10-01,
INC-0069,Storage data sync error,2025-09-23,2025-09-23,2025-09-24,2025-09-29,2025-10-01
INC-0070,DNS disk space alert,2025-09-23,2025-09-23,2025-09-24,2025-09-26,2025-09-28
INC-0071,Monitoring network connectivity,2025-09-24,2025-09-24,2025-09-27,2025-09-30,2025-10-02
INC-0072,CI/CD config error,2025-09-24,2025-09-24,2025-09-27,2025-09-30,
INC-0073,CI/CD config error,2025-09-24,2025-09-24,2025-09-26,2025-09-30,2025-10-03
INC-0074,Load Balancer permission denied,2025-09-24,2025-09-24,2025-09-26,2025-09-29,2025-10-01
INC-0075,DNS disk space alert,2025-09-24,2025-09-25,2025-09-27,2025-10-02,2025-10-04
INC-0076,Auth timeout issue,2025-09-24,2025-09-24,2025-09-25,2025-09-28,2025-10-01
INC-0077,Database timeout issue,2025-09-24,2025-09-25,2025-09-28,2025-09-30,2025-10-01
INC-0078,Storage login failure,2025-09-25,2025-09-26,2025-09-29,2025-10-04,2025-10-05
INC-0079,DNS certificate expired,2025-09-25,2025-09-26,2025-09-27,2025-09-29,2025-10-01
INC-0080,VPN service unavailable,2025-09-25,2025-09-26,2025-09-27,2025-09-30,2025-10-02
INC-0081,CI/CD timeout issue,2025-09-25,2025-09-26,2025-09-27,2025-09-29,2025-09-30
INC-0082,Auth network connectivity,2025-09-25,2025-09-25,2025-09-28,2025-10-03,2025-10-05
INC-0083,Email login failure,2025-09-26,2025-09-27,2025-09-28,2025-10-03,2025-10-04
INC-0084,Firewall deployment failed,2025-09-26,2025-09-26,2025-09-27,2025-10-02,2025-10-03
INC-0085,DNS deployment failed,2025-09-26,2025-09-26,2025-09-28,2025-09-30,2025-10-03
INC-0086,Firewall data sync error,2025-09-29,2025-09-30,2025-10-02,2025-10-06,2025-10-07
INC-0087,DNS disk space alert,2025-09-29,2025-09-29,2025-10-02,2025-10-04,2025-10-06
INC-0088,Monitoring deployment failed,2025-09-29,2025-09-29,2025-10-01,2025-10-03,2025-10-05
INC-0089,VPN login failure,2025-09-29,2025-09-30,2025-10-03,2025-10-07,2025-10-08
INC-0090,VPN disk space alert,2025-09-30,2025-10-01,2025-10-02,2025-10-06,2025-10-07
INC-0091,API Gateway deployment failed,2025-09-30,2025-09-30,2025-10-03,2025-10-08,2025-10-10
INC-0092,Storage timeout issue,2025-09-30,2025-09-30,2025-10-03,,
INC-0093,CI/CD disk space alert,2025-10-01,2025-10-02,2025-10-04,2025-10-09,2025-10-12
INC-0094,VPN deployment failed,2025-10-01,2025-10-01,2025-10-03,2025-10-05,2025-10-07
INC-0095,VPN certificate expired,2025-10-01,2025-10-02,2025-10-04,2025-10-09,2025-10-11
INC-0096,Cache login failure,2025-10-02,2025-10-03,2025-10-05,2025-10-09,2025-10-12
INC-0097,Database permission denied,2025-10-02,2025-10-03,2025-10-06,2025-10-10,2025-10-11
INC-0098,Cache performance degradation,2025-10-02,2025-10-03,2025-10-05,2025-10-10,2025-10-12
INC-0099,Monitoring network connectivity,2025-10-02,2025-10-03,2025-10-04,2025-10-08,2025-10-11
INC-0100,DNS permission denied,2025-10-02,2025-10-02,2025-10-03,2025-10-08,2025-10-11
INC-0101,API Gateway service unavailable,2025-10-02,2025-10-02,2025-10-03,2025-10-08,
INC-0102,CI/CD deployment failed,2025-10-03,2025-10-04,2025-10-07,2025-10-10,2025-10-11
INC-0103,VPN disk space alert,2025-10-03,2025-10-04,2025-10-06,2025-10-09,2025-10-10
INC-0104,API Gateway config error,2025-10-03,2025-10-04,2025-10-05,2025-10-07,2025-10-08
INC-0105,Cache timeout issue,2025-10-03,2025-10-04,2025-10-07,2025-10-11,2025-10-12
INC-0106,API Gateway login failure,2025-10-03,2025-10-04,2025-10-07,2025-10-10,2025-10-12
INC-0107,VPN deployment failed,2025-10-06,2025-10-06,2025-10-09,2025-10-11,2025-10-13
INC-0108,API Gateway timeout issue,2025-10-06,2025-10-06,2025-10-09,2025-10-13,2025-10-16
INC-0109,Storage login failure,2025-10-06,2025-10-06,2025-10-08,2025-10-11,2025-10-14
INC-0110,Firewall disk space alert,2025-10-06,2025-10-06,2025-10-08,2025-10-12,2025-10-13
INC-0111,Monitoring timeout issue,2025-10-06,2025-10-06,2025-10-09,2025-10-11,2025-10-12
INC-0112,Database network connectivity,2025-10-06,2025-10-07,2025-10-10,2025-10-15,2025-10-17
INC-0113,DNS performance degradation,2025-10-07,2025-10-07,2025-10-09,2025-10-13,2025-10-15
INC-0114,DNS login failure,2025-10-07,2025-10-07,2025-10-08,2025-10-10,2025-10-12
INC-0115,DNS permission denied,2025-10-07,2025-10-07,2025-10-08,2025-10-11,2025-10-13
INC-0116,Load Balancer performance degradation,2025-10-07,2025-10-07,2025-10-09,2025-10-13,2025-10-14
INC-0117,Firewall network connectivity,2025-10-07,2025-10-07,2025-10-10,2025-10-13,2025-10-16
INC-0118,Auth login failure,2025-10-08,2025-10-09,2025-10-12,2025-10-14,2025-10-15
INC-0119,Load Balancer network connectivity,2025-10-08,2025-10-09,2025-10-12,2025-10-17,
INC-0120,CI/CD timeout issue,2025-10-08,2025-10-09,,,
INC-0121,Storage backup failure,2025-10-08,2025-10-08,2025-10-10,2025-10-15,2025-10-17
INC-0122,VPN config error,2025-10-08,2025-10-08,2025-10-10,2025-10-14,2025-10-17
INC-0123,Storage permission denied,2025-10-08,2025-10-08,2025-10-10,2025-10-12,2025-10-15
INC-0124,Auth login failure,2025-10-08,2025-10-09,2025-10-11,2025-10-14,2025-10-15
INC-0125,Cache network connectivity,2025-10-09,2025-10-10,2025-10-11,2025-10-15,2025-10-16
INC-0126,Email backup failure,2025-10-09,2025-10-09,2025-10-11,2025-10-16,2025-10-19
INC-0127,Storage data sync error,2025-10-09,2025-10-09,2025-10-11,2025-10-16,2025-10-19
INC-0128,Load Balancer network connectivity,2025-10-09,2025-10-09,2025-10-10,2025-10-15,2025-10-17
INC-0129,API Gateway certificate expired,2025-10-09,2025-10-10,2025-10-13,2025-10-15,2025-10-16
INC-0130,Auth certificate expired,2025-10-09,2025-10-10,2025-10-12,2025-10-14,2025-10-16
INC-0131,DNS certificate expired,2025-10-10,2025-10-11,2025-10-14,2025-10-16,2025-10-18
INC-0132,Database performance degradation,2025-10-10,2025-10-11,2025-10-14,2025-10-16,2025-10-19
INC-0133,Firewall data sync error,2025-10-10,2025-10-11,2025-10-14,2025-10-17,2025-10-19
INC-0134,VPN config error,2025-10-10,2025-10-10,2025-10-11,2025-10-14,2025-10-15
INC-0135,Firewall permission denied,2025-10-13,2025-10-14,2025-10-15,2025-10-18,2025-10-21
INC-0136,VPN network connectivity,2025-10-13,2025-10-14,2025-10-17,2025-10-21,2025-10-24
INC-0137,Auth backup failure,2025-10-13,2025-10-14,2025-10-17,2025-10-21,2025-10-24
INC-0138,Cache config error,2025-10-13,2025-10-13,2025-10-15,2025-10-19,2025-10-22
INC-0139,Auth config error,2025-10-13,2025-10-14,2025-10-16,2025-10-19,2025-10-22
INC-0140,Load Balancer performance degradation,2025-10-13,2025-10-13,2025-10-16,2025-10-21,2025-10-24
INC-0141,Monitoring permission denied,2025-10-13,2025-10-13,2025-10-14,2025-10-19,2025-10-20
INC-0142,Cache config error,2025-10-14,2025-10-15,2025-10-18,,
INC-0143,Monitoring disk space alert,2025-10-14,2025-10-14,2025-10-17,2025-10-22,2025-10-24
INC-0144,VPN disk space alert,2025-10-14,2025-10-14,2025-10-16,2025-10-20,2025-10-23
INC-0145,Email data sync error,2025-10-14,2025-10-15,2025-10-18,2025-10-21,2025-10-23
INC-0146,Cache config error,2025-10-15,2025-10-16,2025-10-18,2025-10-21,2025-10-24
INC-0147,Database timeout issue,2025-10-15,2025-10-16,2025-10-18,2025-10-22,2025-10-25
INC-0148,Auth timeout issue,2025-10-15,2025-10-16,2025-10-18,2025-10-21,2025-10-23
INC-0149,CI/CD config error,2025-10-15,2025-10-15,2025-10-17,2025-10-21,2025-10-23
INC-0150,Database performance degradation,2025-10-16,2025-10-17,2025-10-20,2025-10-24,2025-10-27
INC-0151,Storage deployment failed,2025-10-16,2025-10-16,2025-10-17,2025-10-20,
INC-0152,API Gateway deployment failed,2025-10-16,2025-10-17,2025-10-20,,
INC-0153,Storage deployment failed,2025-10-16,2025-10-17,2025-10-20,2025-10-25,2025-10-27
INC-0154,Load Balancer login failure,2025-10-16,2025-10-17,2025-10-19,2025-10-21,2025-10-23
INC-0155,Monitoring service unavailable,2025-10-16,2025-10-16,2025-10-17,2025-10-20,2025-10-22
INC-0156,Email service unavailable,2025-10-16,2025-10-16,2025-10-19,2025-10-21,2025-10-23
INC-0157,DNS performance degradation,2025-10-17,2025-10-18,2025-10-20,2025-10-25,2025-10-27
INC-0158,CI/CD config error,2025-10-17,2025-10-17,2025-10-18,2025-10-21,2025-10-23
INC-0159,Firewall timeout issue,2025-10-17,2025-10-17,2025-10-18,2025-10-22,2025-10-25
INC-0160,DNS certificate expired,2025-10-20,2025-10-20,2025-10-23,2025-10-28,2025-10-31
INC-0161,CI/CD performance degradation,2025-10-20,2025-10-21,2025-10-24,2025-10-27,2025-10-28
INC-0162,CI/CD data sync error,2025-10-20,2025-10-20,2025-10-21,2025-10-26,2025-10-28
INC-0163,Load Balancer timeout issue,2025-10-20,2025-10-21,2025-10-23,2025-10-25,2025-10-28
INC-0164,API Gateway timeout issue,2025-10-21,2025-10-21,2025-10-24,2025-10-29,2025-10-30
INC-0165,Firewall permission denied,2025-10-21,2025-10-22,2025-10-25,2025-10-29,2025-10-30
INC-0166,Firewall config error,2025-10-21,2025-10-21,2025-10-23,2025-10-28,2025-10-29
INC-0167,Load Balancer data sync error,2025-10-21,2025-10-22,2025-10-25,2025-10-28,2025-10-31
INC-0168,Firewall login failure,2025-10-22,2025-10-23,2025-10-26,2025-10-30,2025-11-02
INC-0169,VPN performance degradation,2025-10-22,2025-10-22,2025-10-25,2025-10-28,2025-10-31
INC-0170,Firewall config error,2025-10-22,2025-10-23,2025-10-24,2025-10-27,2025-10-30
INC-0171,Monitoring disk space alert,2025-10-23,2025-10-24,2025-10-25,2025-10-28,2025-10-30
INC-0172,Auth config error,2025-10-23,2025-10-23,2025-10-26,2025-10-30,2025-11-01
INC-0173,Monitoring service unavailable,2025-10-23,2025-10-23,2025-10-26,2025-10-28,2025-10-29
INC-0174,Auth backup failure,2025-10-23,2025-10-23,2025-10-26,2025-10-28,2025-10-29
INC-0175,Monitoring permission denied,2025-10-23,2025-10-23,2025-10-24,2025-10-29,2025-11-01
INC-0176,VPN deployment failed,2025-10-23,2025-10-24,2025-10-26,2025-10-29,2025-10-30
INC-0177,Auth service unavailable,2025-10-23,2025-10-24,2025-10-27,2025-10-30,2025-10-31
INC-0178,CI/CD data sync error,2025-10-24,2025-10-25,2025-10-28,2025-10-31,2025-11-02
INC-0179,Load Balancer service unavailable,2025-10-24,2025-10-25,2025-10-26,2025-10-28,2025-10-31
INC-0180,Firewall login failure,2025-10-24,2025-10-24,,,
INC-0181,Storage backup failure,2025-10-24,2025-10-24,2025-10-27,2025-11-01,2025-11-02
INC-0182,Cache data sync error,2025-10-24,2025-10-24,2025-10-25,2025-10-29,2025-11-01
INC-0183,DNS deployment failed,2025-10-24,2025-10-25,2025-10-26,2025-10-29,2025-10-31
INC-0184,Load Balancer deployment failed,2025-10-27,2025-10-28,2025-10-29,2025-11-01,2025-11-04
INC-0185,VPN disk space alert,2025-10-27,2025-10-28,2025-10-29,2025-11-03,2025-11-05
INC-0186,DNS performance degradation,2025-10-27,2025-10-28,2025-10-29,2025-11-03,2025-11-05
INC-0187,Auth backup failure,2025-10-27,2025-10-27,2025-10-29,2025-11-01,2025-11-04
INC-0188,Storage certificate expired,2025-10-27,2025-10-28,2025-10-31,2025-11-03,2025-11-06
INC-0189,Cache disk space alert,2025-10-28,2025-10-28,2025-10-30,2025-11-01,2025-11-03
INC-0190,Storage login failure,2025-10-28,2025-10-28,2025-10-30,2025-11-01,2025-11-03
INC-0191,Auth timeout issue,2025-10-28,2025-10-28,2025-10-30,2025-11-03,2025-11-04
INC-0192,Cache data sync error,2025-10-28,2025-10-28,2025-10-31,2025-11-05,2025-11-06
INC-0193,Monitoring timeout issue,2025-10-28,2025-10-28,2025-10-30,2025-11-03,2025-11-04
INC-0194,Database backup failure,2025-10-29,2025-10-30,2025-11-01,2025-11-06,2025-11-08
INC-0195,Monitoring permission denied,2025-10-29,2025-10-30,2025-11-01,,
INC-0196,API Gateway timeout issue,2025-10-29,2025-10-29,2025-10-30,2025-11-04,2025-11-06
INC-0197,DNS backup failure,2025-10-29,2025-10-29,2025-10-31,2025-11-03,2025-11-06
INC-0198,API Gateway backup failure,2025-10-29,2025-10-30,2025-11-01,2025-11-06,2025-11-08
INC-0199,DNS performance degradation,2025-10-30,2025-10-30,2025-10-31,2025-11-05,2025-11-08
INC-0200,Auth deployment failed,2025-10-30,2025-10-30,2025-11-02,2025-11-04,2025-11-05
INC-0201,Cache login failure,2025-10-30,2025-10-31,2025-11-01,2025-11-04,2025-11-07
INC-0202,Firewall service unavailable,2025-10-30,2025-10-30,2025-11-02,2025-11-06,2025-11-08
INC-0203,DNS service unavailable,2025-10-30,2025-10-31,2025-11-03,2025-11-05,2025-11-07
INC-0204,Email disk space alert,2025-10-31,2025-10-31,2025-11-03,2025-11-07,
INC-0205,Storage data sync error,2025-10-31,2025-10-31,2025-11-01,2025-11-04,2025-11-05
INC-0206,VPN login failure,2025-10-31,2025-11-01,2025-11-03,2025-11-08,2025-11-10
INC-0207,Database deployment failed,2025-11-03,2025-11-03,2025-11-06,2025-11-10,2025-11-23
INC-0208,DNS certificate expired,2025-11-03,2025-11-03,2025-11-04,2025-11-09,2025-11-25
INC-0209,Monitoring backup failure,2025-11-03,2025-11-03,2025-11-06,2025-11-08,2025-11-20
INC-0210,Storage data sync error,2025-11-03,2025-11-04,2025-11-07,2025-11-09,2025-11-20
INC-0211,Email deployment failed,2025-11-03,2025-11-04,2025-11-06,2025-11-08,2025-11-18
INC-0212,Firewall data sync error,2025-11-03,2025-11-03,2025-11-04,2025-11-06,2025-11-21
INC-0213,Monitoring network connectivity,2025-11-04,2025-11-04,2025-11-06,2025-11-09,2025-11-21
INC-0214,Cache disk space alert,2025-11-04,2025-11-05,2025-11-07,2025-11-09,2025-11-21
INC-0215,VPN login failure,2025-11-04,2025-11-04,2025-11-05,2025-11-08,2025-11-24
INC-0216,CI/CD backup failure,2025-11-04,2025-11-05,2025-11-07,2025-11-11,2025-11-21
INC-0217,Firewall login failure,2025-11-04,2025-11-05,2025-11-07,2025-11-12,2025-11-24
INC-0218,API Gateway timeout issue,2025-11-04,2025-11-04,2025-11-07,2025-11-09,2025-11-20
INC-0219,Auth login failure,2025-11-05,2025-11-06,2025-11-08,2025-11-10,2025-11-25
INC-0220,Database performance degradation,2025-11-05,2025-11-06,2025-11-08,2025-11-10,2025-11-24
INC-0221,Auth login failure,2025-11-05,2025-11-06,2025-11-09,2025-11-14,2025-12-02
INC-0222,Email service unavailable,2025-11-05,2025-11-05,2025-11-08,2025-11-13,2025-11-28
INC-0223,Monitoring deployment failed,2025-11-06,2025-11-06,2025-11-09,2025-11-12,2025-11-30
INC-0224,Database performance degradation,2025-11-06,2025-11-07,2025-11-09,2025-11-14,2025-11-28
INC-0225,VPN login failure,2025-11-06,2025-11-07,2025-11-09,2025-11-14,2025-11-28
INC-0226,API Gateway login failure,2025-11-07,2025-11-08,2025-11-11,2025-11-16,2025-11-29
INC-0227,VPN backup failure,2025-11-07,2025-11-08,2025-11-10,2025-11-14,2025-11-30
INC-0228,VPN backup failure,2025-11-07,2025-11-07,2025-11-09,2025-11-12,2025-11-27
INC-0229,Storage network connectivity,2025-11-07,2025-11-08,2025-11-10,2025-11-15,2025-11-29
INC-0230,DNS network connectivity,2025-11-10,2025-11-11,2025-11-13,2025-11-16,2025-11-27
INC-0231,Email backup failure,2025-11-10,2025-11-10,2025-11-13,2025-11-16,2025-12-03
INC-0232,Email deployment failed,2025-11-10,2025-11-10,2025-11-12,2025-11-15,2025-12-02
INC-0233,CI/CD login failure,2025-11-10,2025-11-10,2025-11-13,2025-11-18,2025-12-04
INC-0234,Auth disk space alert,2025-11-10,2025-11-11,2025-11-14,2025-11-19,2025-12-05
INC-0235,Load Balancer performance degradation,2025-11-11,2025-11-11,2025-11-12,2025-11-16,2025-11-29
INC-0236,Database service unavailable,2025-11-11,2025-11-12,2025-11-14,2025-11-16,2025-12-02
INC-0237,Load Balancer backup failure,2025-11-11,2025-11-11,2025-11-13,2025-11-18,2025-12-03
INC-0238,Email login failure,2025-11-11,2025-11-11,2025-11-13,2025-11-18,2025-11-28
INC-0239,VPN timeout issue,2025-11-11,2025-11-11,2025-11-12,2025-11-16,2025-11-28
INC-0240,Cache backup failure,2025-11-12,2025-11-13,2025-11-15,2025-11-17,2025-12-04
INC-0241,Database config error,2025-11-12,2025-11-13,2025-11-14,2025-11-16,
INC-0242,API Gateway disk space alert,2025-11-12,2025-11-12,2025-11-15,2025-11-18,2025-11-30
INC-0243,Monitoring data sync error,2025-11-12,2025-11-13,2025-11-16,2025-11-21,2025-12-07
INC-0244,Firewall backup failure,2025-11-13,2025-11-14,2025-11-16,2025-11-19,2025-11-29
INC-0245,Cache timeout issue,2025-11-13,2025-11-13,2025-11-16,2025-11-19,2025-12-02
INC-0246,VPN permission denied,2025-11-13,2025-11-13,2025-11-16,2025-11-19,2025-11-30
INC-0247,Monitoring network connectivity,2025-11-13,2025-11-13,2025-11-15,2025-11-19,2025-12-06
INC-0248,API Gateway network connectivity,2025-11-14,2025-11-14,2025-11-16,2025-11-21,2025-12-06
INC-0249,Database permission denied,2025-11-14,2025-11-15,2025-11-18,2025-11-21,2025-12-02
INC-0250,Monitoring disk space alert,2025-11-14,2025-11-14,2025-11-15,2025-11-18,2025-12-03
INC-0251,CI/CD performance degradation,2025-11-14,2025-11-14,2025-11-17,2025-11-22,2025-12-08
INC-0252,API Gateway timeout issue,2025-11-14,2025-11-14,2025-11-17,2025-11-22,2025-12-04
INC-0253,CI/CD service unavailable,2025-11-14,2025-11-15,2025-11-18,2025-11-22,2025-12-02
INC-0254,Load Balancer certificate expired,2025-11-14,2025-11-15,2025-11-18,2025-11-23,2025-12-11
INC-0255,Email data sync error,2025-11-17,2025-11-18,2025-11-19,,
INC-0256,DNS disk space alert,2025-11-17,2025-11-18,2025-11-19,2025-11-24,2025-12-11
INC-0257,Auth disk space alert,2025-11-17,2025-11-17,2025-11-19,2025-11-23,2025-12-11
INC-0258,Cache login failure,2025-11-17,2025-11-18,2025-11-21,2025-11-26,2025-12-09
INC-0259,VPN timeout issue,2025-11-17,2025-11-17,2025-11-19,2025-11-24,2025-12-04
INC-0260,Cache data sync error,2025-11-17,2025-11-17,2025-11-19,2025-11-22,2025-12-03
INC-0261,Auth data sync error,2025-11-18,2025-11-19,2025-11-20,2025-11-23,2025-12-05
INC-0262,Cache permission denied,2025-11-18,2025-11-19,2025-11-22,2025-11-25,2025-12-13
INC-0263,Auth certificate expired,2025-11-18,2025-11-19,2025-11-22,2025-11-25,2025-12-06
INC-0264,Cache performance degradation,2025-11-18,2025-11-18,2025-11-21,2025-11-24,2025-12-06
INC-0265,Firewall performance degradation,2025-11-18,2025-11-18,2025-11-21,2025-11-26,2025-12-12
INC-0266,DNS certificate expired,2025-11-19,2025-11-20,2025-11-22,2025-11-24,2025-12-05
INC-0267,Auth network connectivity,2025-11-19,2025-11-20,2025-11-22,2025-11-26,2025-12-13
INC-0268,DNS login failure,2025-11-19,2025-11-19,2025-11-22,2025-11-26,2025-12-13
INC-0269,Email permission denied,2025-11-19,2025-11-20,2025-11-21,2025-11-25,2025-12-12
INC-0270,Auth deployment failed,2025-11-19,2025-11-19,2025-11-22,2025-11-26,
INC-0271,Auth backup failure,2025-11-19,2025-11-19,2025-11-20,2025-11-25,2025-12-07
INC-0272,Email performance degradation,2025-11-20,2025-11-20,2025-11-23,2025-11-27,2025-12-09
INC-0273,Load Balancer deployment failed,2025-11-20,2025-11-21,2025-11-23,2025-11-27,2025-12-08
INC-0274,Load Balancer certificate expired,2025-11-20,2025-11-21,2025-11-24,2025-11-27,2025-12-11
INC-0275,API Gateway login failure,2025-11-20,2025-11-20,2025-11-21,2025-11-26,2025-12-09
INC-0276,Monitoring login failure,2025-11-20,2025-11-21,2025-11-22,2025-11-26,2025-12-06
INC-0277,Cache login failure,2025-11-20,2025-11-21,2025-11-22,2025-11-27,2025-12-10
INC-0278,API Gateway certificate expired,2025-11-21,2025-11-22,2025-11-24,2025-11-27,2025-12-11
INC-0279,Load Balancer network connectivity,2025-11-21,2025-11-21,2025-11-22,2025-11-24,2025-12-12
INC-0280,Firewall certificate expired,2025-11-21,2025-11-22,2025-11-25,2025-11-28,2025-12-11
INC-0281,Cache network connectivity,2025-11-24,2025-11-24,2025-11-25,2025-11-27,2025-12-09
INC-0282,Load Balancer timeout issue,2025-11-24,2025-11-25,2025-11-27,2025-11-30,2025-12-12
INC-0283,DNS data sync error,2025-11-24,2025-11-25,2025-11-28,2025-12-02,2025-12-12
INC-0284,Auth deployment failed,2025-11-24,2025-11-24,2025-11-27,2025-12-01,2025-12-17
INC-0285,Load Balancer backup failure,2025-11-25,2025-11-26,2025-11-28,2025-12-01,2025-12-12
INC-0286,Firewall certificate expired,2025-11-25,2025-11-25,2025-11-27,2025-11-30,2025-12-15
INC-0287,Database network connectivity,2025-11-25,2025-11-25,2025-11-27,,
INC-0288,Cache deployment failed,2025-11-25,2025-11-25,2025-11-26,2025-11-30,2025-12-16
INC-0289,DNS deployment failed,2025-11-26,2025-11-27,2025-11-30,2025-12-02,2025-12-18
INC-0290,DNS login failure,2025-11-26,2025-11-26,2025-11-28,2025-12-02,2025-12-13
INC-0291,Load Balancer network connectivity,2025-11-26,2025-11-26,2025-11-29,2025-12-04,2025-12-19
INC-0292,Storage service unavailable,2025-11-26,2025-11-26,2025-11-28,2025-12-01,2025-12-17
INC-0293,Load Balancer timeout issue,2025-11-26,2025-11-27,2025-11-28,2025-11-30,2025-12-17
INC-0294,Auth config error,2025-11-26,2025-11-26,2025-11-27,2025-11-30,2025-12-10
INC-0295,Email config error,2025-11-27,2025-11-28,2025-11-29,2025-12-02,2025-12-17
INC-0296,DNS timeout issue,2025-11-27,2025-11-27,,,
INC-0297,CI/CD service unavailable,2025-11-27,2025-11-28,2025-11-30,2025-12-04,2025-12-22
INC-0298,Firewall login failure,2025-11-27,2025-11-27,2025-11-29,2025-12-03,2025-12-15
INC-0299,Auth service unavailable,2025-11-27,2025-11-27,2025-11-28,2025-11-30,2025-12-18
INC-0300,DNS service unavailable,2025-11-28,2025-11-29,2025-12-01,2025-12-04,2025-12-16
INC-0301,Cache certificate expired,2025-11-28,2025-11-29,2025-11-30,2025-12-03,2025-12-18
INC-0302,Load Balancer disk space alert,2025-11-28,2025-11-28,2025-12-01,2025-12-03,2025-12-18
INC-0303,Database certificate expired,2025-11-28,2025-11-28,2025-11-29,2025-12-01,2025-12-19
INC-0304,CI/CD disk space alert,2025-11-28,2025-11-29,2025-12-01,,
INC-0305,VPN backup failure,2025-11-28,2025-11-29,2025-12-02,2025-12-05,2025-12-19
INC-0306,Auth performance degradation,2025-12-01,2025-12-01,2025-12-04,2025-12-07,2025-12-25
INC-0307,Cache deployment failed,2025-12-01,2025-12-01,2025-12-02,2025-12-06,2025-12-24
INC-0308,Storage login failure,2025-12-01,2025-12-02,2025-12-03,2025-12-07,2025-12-23
INC-0309,Cache performance degradation,2025-12-01,2025-12-01,2025-12-03,2025-12-05,2025-12-22
INC-0310,VPN config error,2025-12-01,2025-12-01,2025-12-02,2025-12-07,2025-12-25
INC-0311,Monitoring deployment failed,2025-12-01,2025-12-01,,,
INC-0312,Monitoring permission denied,2025-12-02,2025-12-02,2025-12-03,2025-12-07,2025-12-21
INC-0313,Database data sync error,2025-12-02,2025-12-03,2025-12-05,2025-12-09,2025-12-26
INC-0314,API Gateway login failure,2025-12-02,2025-12-02,2025-12-05,2025-12-08,2025-12-19
INC-0315,CI/CD data sync error,2025-12-02,2025-12-03,2025-12-05,2025-12-09,2025-12-20
INC-0316,Email deployment failed,2025-12-02,2025-12-03,2025-12-04,2025-12-07,2025-12-18
INC-0317,Cache login failure,2025-12-02,2025-12-02,2025-12-03,2025-12-06,2025-12-21
INC-0318,API Gateway timeout issue,2025-12-03,2025-12-04,2025-12-07,2025-12-11,
INC-0319,CI/CD login failure,2025-12-03,2025-12-04,2025-12-07,2025-12-10,2025-12-28
INC-0320,API Gateway data sync error,2025-12-03,2025-12-03,2025-12-04,2025-12-06,2025-12-16
INC-0321,Auth login failure,2025-12-03,2025-12-04,2025-12-06,2025-12-10,2025-12-21
INC-0322,VPN login failure,2025-12-03,2025-12-03,2025-12-06,2025-12-09,2025-12-26
INC-0323,Auth backup failure,2025-12-04,2025-12-04,2025-12-05,2025-12-10,2025-12-26
INC-0324,Email performance degradation,2025-12-04,2025-12-05,2025-12-06,2025-12-09,2025-12-24
INC-0325,Monitoring backup failure,2025-12-04,2025-12-04,2025-12-05,2025-12-09,2025-12-22
INC-0326,API Gateway certificate expired,2025-12-04,2025-12-05,2025-12-06,2025-12-10,2025-12-21
INC-0327,Cache certificate expired,2025-12-04,2025-12-04,2025-12-07,2025-12-09,2025-12-27
INC-0328,Email certificate expired,2025-12-04,2025-12-05,2025-12-07,2025-12-11,2025-12-29
INC-0329,DNS backup failure,2025-12-05,2025-12-05,2025-12-06,2025-12-08,2025-12-22
INC-0330,Storage deployment failed,2025-12-05,2025-12-05,2025-12-06,2025-12-09,2025-12-20
INC-0331,API Gateway performance degradation,2025-12-05,2025-12-05,2025-12-06,2025-12-10,2025-12-26
INC-0332,Cache config error,2025-12-05,2025-12-06,2025-12-09,2025-12-11,2025-12-26
INC-0333,Email disk space alert,2025-12-05,2025-12-05,2025-12-08,2025-12-13,2025-12-26
INC-0334,DNS service unavailable,2025-12-08,2025-12-08,2025-12-09,2025-12-12,2025-12-25
INC-0335,Cache permission denied,2025-12-08,2025-12-09,2025-12-12,2025-12-15,2025-12-28
INC-0336,Cache network connectivity,2025-12-08,2025-12-09,2025-12-10,2025-12-13,2025-12-23
INC-0337,Database network connectivity,2025-12-09,2025-12-10,2025-12-11,2025-12-16,2025-12-31
INC-0338,CI/CD deployment failed,2025-12-09,2025-12-10,2025-12-11,2025-12-16,2025-12-28
INC-0339,Load Balancer data sync error,2025-12-09,2025-12-09,2025-12-12,2025-12-16,2026-01-03
INC-0340,Cache performance degradation,2025-12-10,2025-12-11,2025-12-13,2025-12-16,
INC-0341,Firewall deployment failed,2025-12-10,2025-12-10,2025-12-11,2025-12-14,2025-12-29
INC-0342,VPN data sync error,2025-12-10,2025-12-11,2025-12-12,2025-12-14,2025-12-29
INC-0343,Auth backup failure,2025-12-10,2025-12-10,2025-12-13,2025-12-17,2025-12-28
INC-0344,Auth config error,2025-12-11,2025-12-11,2025-12-13,2025-12-15,
INC-0345,VPN certificate expired,2025-12-11,2025-12-12,2025-12-13,2025-12-18,2026-01-03
INC-0346,Database backup failure,2025-12-11,2025-12-11,2025-12-13,2025-12-16,2025-12-29
INC-0347,Database timeout issue,2025-12-11,2025-12-11,2025-12-13,,
INC-0348,Firewall permission denied,2025-12-12,2025-12-12,2025-12-15,2025-12-17,2025-12-28
INC-0349,API Gateway deployment failed,2025-12-12,2025-12-13,2025-12-16,2025-12-21,2025-12-31
INC-0350,Storage permission denied,2025-12-12,2025-12-13,2025-12-14,2025-12-16,2025-12-26
INC-0351,Email deployment failed,2025-12-12,2025-12-13,2025-12-16,2025-12-20,2026-01-07
INC-0352,Auth performance degradation,2025-12-12,2025-12-12,2025-12-13,2025-12-18,2026-01-03
INC-0353,Database data sync error,2025-12-12,2025-12-13,2025-12-14,,
INC-0354,CI/CD certificate expired,2025-12-15,2025-12-15,2025-12-17,2025-12-21,2026-01-01
INC-0355,VPN performance degradation,2025-12-15,2025-12-16,2025-12-17,2025-12-22,2026-01-09
INC-0356,CI/CD timeout issue,2025-12-15,2025-12-16,2025-12-17,2025-12-19,2026-01-05
INC-0357,Load Balancer config error,2025-12-15,2025-12-15,2025-12-17,2025-12-20,2025-12-30
INC-0358,Auth disk space alert,2025-12-15,2025-12-16,2025-12-19,2025-12-22,2026-01-07
INC-0359,Email backup failure,2025-12-16,2025-12-17,,,
INC-0360,Storage performance degradation,2025-12-16,2025-12-16,2025-12-17,2025-12-20,2026-01-06
INC-0361,Monitoring deployment failed,2025-12-16,2025-12-16,2025-12-17,2025-12-19,2026-01-04
INC-0362,Database config error,2025-12-16,2025-12-16,2025-12-19,2025-12-23,2026-01-06
INC-0363,CI/CD disk space alert,2025-12-16,2025-12-17,2025-12-20,2025-12-24,2026-01-08
INC-0364,Monitoring login failure,2025-12-16,2025-12-16,2025-12-19,2025-12-24,2026-01-11
INC-0365,VPN disk space alert,2025-12-16,2025-12-16,2025-12-17,2025-12-21,2026-01-01
INC-0366,API Gateway service unavailable,2025-12-17,2025-12-18,2025-12-21,2025-12-26,2026-01-12
INC-0367,VPN certificate expired,2025-12-17,2025-12-17,2025-12-20,2025-12-22,2026-01-07
INC-0368,Auth permission denied,2025-12-17,2025-12-17,2025-12-20,2025-12-24,2026-01-10
INC-0369,Load Balancer config error,2025-12-17,2025-12-18,2025-12-20,2025-12-25,2026-01-08
INC-0370,Email permission denied,2025-12-17,2025-12-17,2025-12-18,2025-12-23,2026-01-06
INC-0371,Cache certificate expired,2025-12-18,2025-12-18,2025-12-19,2025-12-22,2026-01-08
INC-0372,Email login failure,2025-12-18,2025-12-19,2025-12-20,2025-12-23,2026-01-10
INC-0373,Storage performance degradation,2025-12-18,2025-12-19,2025-12-20,2025-12-22,2026-01-09
INC-0374,Auth backup failure,2025-12-18,2025-12-18,2025-12-19,2025-12-21,2026-01-03
INC-0375,Monitoring disk space alert,2025-12-18,2025-12-18,2025-12-20,2025-12-25,2026-01-09
INC-0376,CI/CD permission denied,2025-12-18,2025-12-18,2025-12-21,2025-12-24,2026-01-03
INC-0377,API Gateway permission denied,2025-12-18,2025-12-18,2025-12-20,2025-12-24,2026-01-11
INC-0378,API Gateway service unavailable,2025-12-19,2025-12-19,2025-12-21,2025-12-26,2026-01-05
INC-0379,Load Balancer timeout issue,2025-12-19,2025-12-19,2025-12-20,2025-12-23,2026-01-05
INC-0380,Load Balancer performance degradation,2025-12-19,2025-12-19,2025-12-22,2025-12-27,2026-01-06
INC-0381,Cache config error,2025-12-19,2025-12-19,2025-12-20,2025-12-24,2026-01-07
INC-0382,Storage timeout issue,2025-12-19,2025-12-20,2025-12-22,2025-12-27,2026-01-11
INC-0383,Load Balancer disk space alert,2025-12-22,2025-12-23,2025-12-26,2025-12-28,2026-01-08
INC-0384,Database deployment failed,2025-12-22,2025-12-23,2025-12-26,2025-12-30,2026-01-13
INC-0385,Load Balancer timeout issue,2025-12-22,2025-12-23,2025-12-25,2025-12-29,2026-01-13
INC-0386,Firewall service unavailable,2025-12-22,2025-12-23,2025-12-24,2025-12-27,2026-01-08
INC-0387,CI/CD deployment failed,2025-12-22,2025-12-23,2025-12-26,2025-12-28,2026-01-09
INC-0388,Auth config error,2025-12-22,2025-12-23,2025-12-25,2025-12-30,2026-01-15
INC-0389,VPN deployment failed,2025-12-22,2025-12-22,2025-12-24,2025-12-29,2026-01-11
INC-0390,Cache performance degradation,2025-12-23,2025-12-23,2025-12-25,2025-12-30,2026-01-10
INC-0391,VPN data sync error,2025-12-23,2025-12-23,2025-12-26,2025-12-28,2026-01-12
INC-0392,Firewall timeout issue,2025-12-23,2025-12-24,2025-12-26,2025-12-30,2026-01-14
INC-0393,Storage backup failure,2025-12-23,2025-12-23,2025-12-25,2025-12-27,2026-01-06
INC-0394,Storage performance degradation,2025-12-24,2025-12-25,2025-12-27,2025-12-30,2026-01-09
INC-0395,CI/CD login failure,2025-12-24,2025-12-25,2025-12-26,2025-12-29,2026-01-13
INC-0396,Email backup failure,2025-12-24,2025-12-24,2025-12-26,2025-12-28,2026-01-07
INC-0397,API Gateway login failure,2025-12-24,2025-12-24,2025-12-27,2026-01-01,2026-01-13
INC-0398,Auth certificate expired,2025-12-24,2025-12-25,2025-12-27,,
INC-0399,Load Balancer service unavailable,2025-12-24,2025-12-25,2025-12-26,,
INC-0400,DNS certificate expired,2025-12-25,2025-12-26,2025-12-28,2025-12-30,2026-01-11
INC-0401,CI/CD timeout issue,2025-12-25,2025-12-25,2025-12-26,2025-12-30,2026-01-09
INC-0402,VPN backup failure,2025-12-25,2025-12-26,2025-12-28,2026-01-01,2026-01-13
INC-0403,Cache data sync error,2025-12-25,2025-12-25,2025-12-27,2025-12-30,2026-01-09
INC-0404,VPN login failure,2025-12-26,2025-12-26,2025-12-29,2026-01-01,2026-01-19
INC-0405,Auth network connectivity,2025-12-26,2025-12-26,2025-12-28,2025-12-30,2026-01-13
INC-0406,Monitoring backup failure,2025-12-26,2025-12-26,2025-12-27,2026-01-01,2026-01-12
INC-0407,Load Balancer config error,2025-12-26,2025-12-27,2025-12-29,2026-01-01,2026-01-13
INC-0408,Firewall network connectivity,2025-12-29,2025-12-30,2026-01-02,2026-01-06,2026-01-17
INC-0409,Database timeout issue,2025-12-29,2025-12-30,2025-12-31,2026-01-02,2026-01-20
INC-0410,Storage disk space alert,2025-12-29,2025-12-30,2025-12-31,2026-01-04,2026-01-17
INC-0411,CI/CD disk space alert,2025-12-29,2025-12-30,2026-01-01,2026-01-03,2026-01-15
INC-0412,Load Balancer service unavailable,2025-12-29,2025-12-30,2026-01-01,2026-01-03,2026-01-16
INC-0413,Cache config error,2025-12-30,2025-12-31,2026-01-01,2026-01-03,2026-01-14
INC-0414,Email timeout issue,2025-12-30,2025-12-31,2026-01-03,2026-01-08,2026-01-21
INC-0415,Load Balancer permission denied,2025-12-30,2025-12-30,2025-12-31,2026-01-04,2026-01-14
INC-0416,Load Balancer deployment failed,2025-12-31,2025-12-31,2026-01-01,2026-01-04,2026-01-14
INC-0417,VPN permission denied,2025-12-31,2026-01-01,2026-01-03,2026-01-05,2026-01-19
INC-0418,Cache certificate expired,2025-12-31,2026-01-01,2026-01-03,2026-01-07,2026-01-24
INC-0419,Database performance degradation,2026-01-01,2026-01-01,2026-01-02,2026-01-04,2026-01-08
INC-0420,Monitoring network connectivity,2026-01-01,2026-01-02,2026-01-05,2026-01-08,2026-01-14
INC-0421,Database backup failure,2026-01-01,2026-01-01,2026-01-04,2026-01-09,2026-01-13
INC-0422,VPN deployment failed,2026-01-01,2026-01-02,2026-01-03,,
INC-0423,Load Balancer certificate expired,2026-01-01,2026-01-02,2026-01-05,2026-01-07,2026-01-14
INC-0424,Firewall disk space alert,2026-01-01,2026-01-02,2026-01-04,,
INC-0425,VPN backup failure,2026-01-02,2026-01-03,2026-01-05,2026-01-07,2026-01-11
INC-0426,Load Balancer disk space alert,2026-01-02,2026-01-03,2026-01-04,2026-01-07,2026-01-14
INC-0427,CI/CD network connectivity,2026-01-02,2026-01-02,2026-01-03,2026-01-08,2026-01-14
INC-0428,Cache backup failure,2026-01-02,2026-01-03,2026-01-05,2026-01-07,2026-01-12
INC-0429,DNS disk space alert,2026-01-02,2026-01-02,,,
INC-0430,Load Balancer deployment failed,2026-01-02,2026-01-03,2026-01-06,2026-01-09,2026-01-16
INC-0431,VPN backup failure,2026-01-02,2026-01-03,2026-01-05,2026-01-08,2026-01-11
INC-0432,Database login failure,2026-01-05,2026-01-06,2026-01-09,2026-01-14,2026-01-19
INC-0433,Email deployment failed,2026-01-05,2026-01-05,2026-01-06,2026-01-10,2026-01-15
INC-0434,CI/CD performance degradation,2026-01-05,2026-01-06,2026-01-09,2026-01-11,2026-01-14
INC-0435,Database data sync error,2026-01-05,2026-01-06,2026-01-07,2026-01-10,2026-01-15
INC-0436,VPN config error,2026-01-05,2026-01-06,2026-01-07,2026-01-10,2026-01-16
INC-0437,CI/CD backup failure,2026-01-05,2026-01-06,2026-01-07,2026-01-09,2026-01-16
INC-0438,Monitoring disk space alert,2026-01-05,2026-01-05,2026-01-07,2026-01-09,2026-01-12
INC-0439,API Gateway config error,2026-01-06,2026-01-06,2026-01-09,2026-01-12,2026-01-19
INC-0440,Cache network connectivity,2026-01-06,2026-01-07,2026-01-10,2026-01-15,2026-01-21
INC-0441,API Gateway backup failure,2026-01-06,2026-01-07,2026-01-09,2026-01-13,2026-01-18
INC-0442,Cache config error,2026-01-06,2026-01-07,2026-01-10,2026-01-14,2026-01-21
INC-0443,VPN deployment failed,2026-01-06,2026-01-06,2026-01-07,2026-01-11,2026-01-15
INC-0444,Database config error,2026-01-06,2026-01-06,2026-01-09,2026-01-13,2026-01-17
INC-0445,Cache deployment failed,2026-01-07,2026-01-08,2026-01-11,2026-01-16,2026-01-23
INC-0446,Monitoring service unavailable,2026-01-07,2026-01-08,2026-01-10,2026-01-12,2026-01-15
INC-0447,Load Balancer timeout issue,2026-01-07,2026-01-07,2026-01-08,2026-01-11,2026-01-16
INC-0448,Auth disk space alert,2026-01-07,2026-01-07,2026-01-10,2026-01-13,2026-01-18
INC-0449,Load Balancer config error,2026-01-07,2026-01-08,2026-01-09,2026-01-12,2026-01-19
INC-0450,Monitoring certificate expired,2026-01-07,2026-01-07,2026-01-10,2026-01-12,2026-01-17
INC-0451,Email config error,2026-01-07,2026-01-08,2026-01-11,2026-01-13,2026-01-16
INC-0452,Storage config error,2026-01-08,2026-01-08,2026-01-11,2026-01-14,2026-01-19
INC-0453,Cache performance degradation,2026-01-08,2026-01-08,2026-01-11,2026-01-14,2026-01-17
INC-0454,Email disk space alert,2026-01-08,2026-01-09,2026-01-10,2026-01-14,2026-01-20
INC-0455,API Gateway config error,2026-01-08,2026-01-09,2026-01-10,2026-01-15,
INC-0456,Firewall backup failure,2026-01-08,2026-01-08,2026-01-11,2026-01-15,2026-01-22
INC-0457,DNS performance degradation,2026-01-08,2026-01-08,2026-01-11,,
INC-0458,Load Balancer data sync error,2026-01-09,2026-01-10,2026-01-11,2026-01-14,2026-01-19
INC-0459,Load Balancer disk space alert,2026-01-09,2026-01-10,2026-01-12,2026-01-17,
INC-0460,Load Balancer service unavailable,2026-01-09,2026-01-10,2026-01-11,2026-01-14,2026-01-21
INC-0461,Cache disk space alert,2026-01-09,2026-01-10,2026-01-11,2026-01-15,2026-01-21
INC-0462,Auth backup failure,2026-01-09,2026-01-10,2026-01-13,2026-01-18,2026-01-25
INC-0463,API Gateway login failure,2026-01-09,2026-01-09,2026-01-11,2026-01-13,2026-01-20
INC-0464,Load Balancer deployment failed,2026-01-12,2026-01-12,2026-01-15,2026-01-18,2026-01-21
INC-0465,Database deployment failed,2026-01-12,2026-01-13,2026-01-14,2026-01-19,2026-01-23
INC-0466,Database service unavailable,2026-01-12,2026-01-12,2026-01-13,,
INC-0467,Monitoring timeout issue,2026-01-12,2026-01-13,2026-01-16,2026-01-19,2026-01-22
INC-0468,Load Balancer certificate expired,2026-01-12,2026-01-13,2026-01-15,2026-01-17,2026-01-22
INC-0469,Firewall config error,2026-01-12,2026-01-12,,,
INC-0470,Email deployment failed,2026-01-12,2026-01-13,2026-01-16,2026-01-20,2026-01-23
INC-0471,API Gateway backup failure,2026-01-13,2026-01-14,2026-01-16,2026-01-18,2026-01-24
INC-0472,API Gateway deployment failed,2026-01-13,2026-01-13,2026-01-16,2026-01-20,2026-01-26
INC-0473,Auth login failure,2026-01-13,2026-01-14,2026-01-15,2026-01-18,
INC-0474,Monitoring data sync error,2026-01-13,2026-01-13,2026-01-15,2026-01-19,2026-01-23
INC-0475,Email network connectivity,2026-01-13,2026-01-13,2026-01-14,2026-01-17,2026-01-21
INC-0476,Load Balancer timeout issue,2026-01-14,2026-01-14,,,
INC-0477,VPN permission denied,2026-01-14,2026-01-14,2026-01-17,2026-01-22,2026-01-29
INC-0478,VPN data sync error,2026-01-14,2026-01-14,2026-01-15,2026-01-17,2026-01-22
INC-0479,Firewall network connectivity,2026-01-14,2026-01-15,2026-01-18,2026-01-21,2026-01-26
INC-0480,Storage data sync error,2026-01-15,2026-01-16,2026-01-17,2026-01-21,2026-01-24
INC-0481,Cache deployment failed,2026-01-15,2026-01-16,2026-01-18,2026-01-21,2026-01-26
INC-0482,CI/CD timeout issue,2026-01-15,2026-01-16,2026-01-18,2026-01-22,2026-01-28
INC-0483,API Gateway timeout issue,2026-01-15,2026-01-15,2026-01-18,2026-01-20,2026-01-27
INC-0484,DNS service unavailable,2026-01-15,2026-01-15,2026-01-17,2026-01-19,2026-01-22
INC-0485,Email disk space alert,2026-01-16,2026-01-17,2026-01-20,2026-01-22,2026-01-26
INC-0486,Storage certificate expired,2026-01-16,2026-01-17,2026-01-20,2026-01-24,2026-01-28
INC-0487,VPN certificate expired,2026-01-16,2026-01-17,2026-01-18,2026-01-20,2026-01-26
INC-0488,API Gateway backup failure,2026-01-16,2026-01-16,2026-01-19,2026-01-22,2026-01-26
INC-0489,Storage service unavailable,2026-01-16,2026-01-16,2026-01-19,2026-01-23,2026-01-29
INC-0490,Auth data sync error,2026-01-16,2026-01-16,2026-01-17,2026-01-21,2026-01-26
INC-0491,Auth service unavailable,2026-01-16,2026-01-17,2026-01-19,2026-01-24,2026-01-30
INC-0492,Email config error,2026-01-19,2026-01-19,2026-01-22,2026-01-26,2026-02-02
INC-0493,Load Balancer network connectivity,2026-01-19,2026-01-19,2026-01-21,2026-01-25,2026-01-31
INC-0494,DNS data sync error,2026-01-19,2026-01-19,2026-01-22,2026-01-27,2026-02-01
INC-0495,API Gateway disk space alert,2026-01-19,2026-01-20,2026-01-22,2026-01-24,2026-01-30
INC-0496,API Gateway data sync error,2026-01-19,2026-01-19,2026-01-20,2026-01-24,2026-01-31
INC-0497,Cache permission denied,2026-01-20,2026-01-20,2026-01-23,2026-01-28,2026-02-01
INC-0498,Monitoring deployment failed,2026-01-20,2026-01-21,,,
INC-0499,Load Balancer performance degradation,2026-01-20,2026-01-20,2026-01-23,2026-01-26,2026-02-02
INC-0500,DNS performance degradation,2026-01-20,2026-01-20,2026-01-21,2026-01-25,2026-01-29
INC-0501,CI/CD data sync error,2026-01-20,2026-01-20,2026-01-23,2026-01-25,2026-01-30
INC-0502,API Gateway network connectivity,2026-01-21,2026-01-22,2026-01-23,2026-01-28,2026-02-01
INC-0503,Cache performance degradation,2026-01-21,2026-01-21,2026-01-24,2026-01-28,2026-02-04
INC-0504,Monitoring data sync error,2026-01-21,2026-01-22,2026-01-25,2026-01-27,2026-02-03
INC-0505,Firewall performance degradation,2026-01-21,2026-01-21,2026-01-22,2026-01-27,2026-01-31
INC-0506,DNS disk space alert,2026-01-21,2026-01-22,2026-01-25,2026-01-27,2026-02-03
INC-0507,Load Balancer deployment failed,2026-01-21,2026-01-21,2026-01-23,2026-01-25,2026-01-29
INC-0508,CI/CD data sync error,2026-01-22,2026-01-23,2026-01-24,2026-01-29,2026-02-05
INC-0509,API Gateway certificate expired,2026-01-22,2026-01-23,2026-01-25,2026-01-27,2026-02-03
INC-0510,Storage timeout issue,2026-01-22,2026-01-22,,,
INC-0511,Storage deployment failed,2026-01-22,2026-01-22,2026-01-25,2026-01-30,2026-02-02
INC-0512,Monitoring performance degradation,2026-01-22,2026-01-23,2026-01-25,2026-01-27,2026-02-01
INC-0513,VPN network connectivity,2026-01-22,2026-01-23,2026-01-25,2026-01-30,2026-02-06
INC-0514,VPN performance degradation,2026-01-23,2026-01-23,2026-01-25,2026-01-30,2026-02-06
INC-0515,Monitoring config error,2026-01-23,2026-01-24,2026-01-26,2026-01-30,2026-02-04
INC-0516,API Gateway config error,2026-01-23,2026-01-23,2026-01-26,2026-01-31,2026-02-04
INC-0517,Monitoring performance degradation,2026-01-23,2026-01-24,2026-01-26,2026-01-28,2026-02-04
INC-0518,Monitoring network connectivity,2026-01-23,2026-01-23,2026-01-24,2026-01-29,2026-02-02
INC-0519,Auth network connectivity,2026-01-23,2026-01-24,2026-01-25,2026-01-27,2026-02-01
INC-0520,Load Balancer performance degradation,2026-01-26,2026-01-27,2026-01-30,2026-02-01,2026-02-08
INC-0521,Auth data sync error,2026-01-26,2026-01-26,2026-01-27,2026-01-31,2026-02-07
INC-0522,Storage permission denied,2026-01-26,2026-01-26,2026-01-29,2026-01-31,2026-02-04
INC-0523,Load Balancer permission denied,2026-01-26,2026-01-26,2026-01-27,2026-02-01,2026-02-06
INC-0524,DNS login failure,2026-01-26,2026-01-26,2026-01-29,2026-01-31,2026-02-03
INC-0525,Storage network connectivity,2026-01-26,2026-01-27,2026-01-29,2026-02-01,2026-02-06
INC-0526,Database disk space alert,2026-01-27,2026-01-27,2026-01-29,2026-02-03,2026-02-07
INC-0527,Firewall disk space alert,2026-01-27,2026-01-28,2026-01-30,2026-02-03,2026-02-06
INC-0528,VPN data sync error,2026-01-27,2026-01-28,2026-01-30,2026-02-04,2026-02-11
INC-0529,Database backup failure,2026-01-27,2026-01-28,2026-01-31,2026-02-02,2026-02-08
INC-0530,Monitoring permission denied,2026-01-27,2026-01-28,2026-01-31,2026-02-03,2026-02-07
INC-0531,Database timeout issue,2026-01-27,2026-01-27,2026-01-30,2026-02-02,2026-02-07
INC-0532,VPN permission denied,2026-01-28,2026-01-28,2026-01-31,2026-02-05,2026-02-09
INC-0533,Storage config error,2026-01-28,2026-01-29,2026-01-30,2026-02-04,2026-02-08
INC-0534,Storage data sync error,2026-01-28,2026-01-28,2026-01-30,2026-02-02,2026-02-06
INC-0535,Load Balancer login failure,2026-01-28,2026-01-29,2026-01-30,2026-02-01,2026-02-04
INC-0536,VPN backup failure,2026-01-28,2026-01-29,2026-02-01,2026-02-03,2026-02-06
INC-0537,Storage certificate expired,2026-01-29,2026-01-30,2026-02-01,2026-02-05,2026-02-09
INC-0538,DNS backup failure,2026-01-29,2026-01-29,2026-01-30,2026-02-04,
INC-0539,Cache login failure,2026-01-29,2026-01-30,2026-02-02,2026-02-07,2026-02-11
INC-0540,Storage deployment failed,2026-01-29,2026-01-30,2026-02-02,2026-02-04,2026-02-07
INC-0541,DNS performance degradation,2026-01-29,2026-01-29,2026-01-31,2026-02-04,2026-02-09
INC-0542,API Gateway permission denied,2026-01-29,2026-01-30,2026-02-01,2026-02-05,2026-02-12
INC-0543,Email certificate expired,2026-01-30,2026-01-31,2026-02-03,2026-02-07,2026-02-12
INC-0544,Email config error,2026-01-30,2026-01-30,2026-02-02,2026-02-04,2026-02-08
INC-0545,API Gateway config error,2026-01-30,2026-01-31,2026-02-02,2026-02-05,2026-02-09
INC-0546,Load Balancer performance degradation,2026-01-30,2026-01-30,2026-01-31,2026-02-05,2026-02-11
INC-0547,Database certificate expired,2026-02-02,2026-02-03,2026-02-05,2026-02-07,2026-02-12
INC-0548,Database deployment failed,2026-02-02,2026-02-02,2026-02-03,2026-02-08,2026-02-13
INC-0549,DNS disk space alert,2026-02-02,2026-02-03,2026-02-05,2026-02-09,2026-02-14
INC-0550,VPN login failure,2026-02-02,2026-02-03,2026-02-05,2026-02-10,2026-02-13
INC-0551,VPN timeout issue,2026-02-02,2026-02-02,2026-02-05,2026-02-08,2026-02-15
INC-0552,Firewall certificate expired,2026-02-03,2026-02-04,2026-02-07,2026-02-09,2026-02-15
INC-0553,Firewall deployment failed,2026-02-03,2026-02-03,2026-02-04,2026-02-09,2026-02-14
INC-0554,VPN data sync error,2026-02-03,2026-02-03,2026-02-04,2026-02-08,2026-02-12
INC-0555,CI/CD timeout issue,2026-02-03,2026-02-04,2026-02-07,2026-02-12,2026-02-17
INC-0556,API Gateway certificate expired,2026-02-03,2026-02-04,2026-02-07,2026-02-12,2026-02-19
INC-0557,Cache config error,2026-02-03,2026-02-03,2026-02-04,2026-02-08,2026-02-12
INC-0558,Database login failure,2026-02-03,2026-02-03,2026-02-04,2026-02-06,2026-02-12
INC-0559,Email login failure,2026-02-04,2026-02-04,2026-02-05,2026-02-07,2026-02-13
INC-0560,Storage data sync error,2026-02-04,2026-02-04,2026-02-07,2026-02-11,2026-02-17
INC-0561,API Gateway disk space alert,2026-02-04,2026-02-05,2026-02-08,2026-02-11,
INC-0562,CI/CD disk space alert,2026-02-04,2026-02-05,2026-02-07,2026-02-11,2026-02-17
INC-0563,Cache deployment failed,2026-02-04,2026-02-04,2026-02-07,2026-02-12,2026-02-19
INC-0564,CI/CD permission denied,2026-02-04,2026-02-05,2026-02-08,2026-02-12,2026-02-19
INC-0565,API Gateway timeout issue,2026-02-05,2026-02-06,2026-02-08,2026-02-13,2026-02-18
INC-0566,CI/CD timeout issue,2026-02-05,2026-02-05,2026-02-08,2026-02-12,2026-02-16
INC-0567,Email certificate expired,2026-02-05,2026-02-06,2026-02-08,2026-02-10,2026-02-15
INC-0568,Storage certificate expired,2026-02-06,2026-02-07,2026-02-08,2026-02-13,2026-02-19
INC-0569,Monitoring login failure,2026-02-06,2026-02-07,2026-02-09,2026-02-13,2026-02-17
INC-0570,Storage certificate expired,2026-02-06,2026-02-07,2026-02-09,2026-02-13,2026-02-20
INC-0571,CI/CD network connectivity,2026-02-09,2026-02-09,2026-02-11,2026-02-16,2026-02-19
INC-0572,Auth performance degradation,2026-02-09,2026-02-10,2026-02-11,2026-02-13,2026-02-18
INC-0573,API Gateway timeout issue,2026-02-09,2026-02-09,2026-02-10,2026-02-14,2026-02-17
INC-0574,CI/CD service unavailable,2026-02-09,2026-02-09,2026-02-10,2026-02-13,2026-02-16
INC-0575,Auth config error,2026-02-10,2026-02-11,2026-02-13,2026-02-18,2026-02-23
INC-0576,DNS login failure,2026-02-10,2026-02-10,2026-02-11,2026-02-16,2026-02-21
INC-0577,Cache login failure,2026-02-10,2026-02-10,2026-02-12,2026-02-14,2026-02-20
INC-0578,Cache backup failure,2026-02-10,2026-02-11,2026-02-12,2026-02-15,2026-02-18
INC-0579,API Gateway permission denied,2026-02-10,2026-02-10,2026-02-12,2026-02-16,2026-02-22
INC-0580,CI/CD timeout issue,2026-02-10,2026-02-10,2026-02-13,2026-02-15,2026-02-22
INC-0581,Load Balancer data sync error,2026-02-11,2026-02-12,2026-02-13,2026-02-15,2026-02-19
INC-0582,Storage certificate expired,2026-02-11,2026-02-11,,,
INC-0583,Database permission denied,2026-02-11,2026-02-12,2026-02-15,2026-02-18,2026-02-25
INC-0584,Auth deployment failed,2026-02-11,2026-02-12,2026-02-13,,
INC-0585,DNS permission denied,2026-02-12,2026-02-12,2026-02-13,2026-02-16,2026-02-22
INC-0586,Monitoring config error,2026-02-12,2026-02-13,2026-02-15,2026-02-17,2026-02-21
INC-0587,CI/CD config error,2026-02-12,2026-02-12,2026-02-14,2026-02-19,2026-02-22
INC-0588,VPN disk space alert,2026-02-12,2026-02-13,2026-02-14,2026-02-17,2026-02-24
INC-0589,DNS login failure,2026-02-12,2026-02-13,2026-02-15,2026-02-18,2026-02-25
INC-0590,Auth backup failure,2026-02-12,2026-02-13,2026-02-15,2026-02-19,2026-02-26
INC-0591,VPN network connectivity,2026-02-12,2026-02-13,2026-02-16,2026-02-18,2026-02-22
INC-0592,DNS data sync error,2026-02-13,2026-02-14,2026-02-17,2026-02-22,2026-02-25
INC-0593,Load Balancer certificate expired,2026-02-13,2026-02-13,2026-02-16,2026-02-20,2026-02-25
INC-0594,API Gateway performance degradation,2026-02-13,2026-02-13,2026-02-16,2026-02-18,2026-02-21
INC-0595,Auth login failure,2026-02-13,2026-02-13,2026-02-14,2026-02-17,2026-02-23
INC-0596,VPN service unavailable,2026-02-16,2026-02-17,2026-02-20,,
INC-0597,CI/CD login failure,2026-02-16,2026-02-16,2026-02-17,2026-02-22,2026-02-26
INC-0598,Cache permission denied,2026-02-16,2026-02-16,2026-02-18,2026-02-23,
INC-0599,Storage login failure,2026-02-16,2026-02-16,2026-02-19,2026-02-23,2026-02-26
INC-0600,Storage data sync error,2026-02-16,2026-02-16,2026-02-17,2026-02-22,2026-02-26
INC-0601,Database config error,2026-02-16,2026-02-16,2026-02-19,2026-02-24,2026-02-28
INC-0602,API Gateway login failure,2026-02-17,2026-02-18,2026-02-21,,
INC-0603,Firewall disk space alert,2026-02-17,2026-02-18,2026-02-21,2026-02-24,2026-03-01
INC-0604,Monitoring permission denied,2026-02-17,2026-02-18,2026-02-20,2026-02-24,
INC-0605,DNS certificate expired,2026-02-17,2026-02-18,2026-02-21,2026-02-24,2026-02-28
INC-0606,Auth certificate expired,2026-02-17,2026-02-18,,,
INC-0607,Auth timeout issue,2026-02-17,2026-02-18,2026-02-21,2026-02-24,2026-02-27
INC-0608,Email config error,2026-02-17,2026-02-17,2026-02-18,2026-02-20,2026-02-25
INC-0609,API Gateway permission denied,2026-02-18,2026-02-18,2026-02-19,2026-02-24,2026-02-27
INC-0610,Email timeout issue,2026-02-18,2026-02-19,2026-02-22,2026-02-25,2026-03-01
INC-0611,VPN config error,2026-02-18,2026-02-19,2026-02-22,2026-02-24,2026-02-28
INC-0612,Load Balancer network connectivity,2026-02-18,2026-02-18,2026-02-20,2026-02-22,2026-03-01
INC-0613,Monitoring permission denied,2026-02-18,2026-02-19,2026-02-20,2026-02-24,2026-02-27
INC-0614,Load Balancer deployment failed,2026-02-18,2026-02-18,2026-02-19,2026-02-21,2026-02-28
INC-0615,Firewall disk space alert,2026-02-18,2026-02-19,2026-02-22,2026-02-26,2026-03-01
INC-0616,Firewall backup failure,2026-02-19,2026-02-19,2026-02-20,2026-02-25,2026-02-28
INC-0617,API Gateway certificate expired,2026-02-19,2026-02-19,2026-02-20,2026-02-24,2026-03-02
INC-0618,Monitoring disk space alert,2026-02-19,2026-02-19,2026-02-21,2026-02-23,2026-03-02
INC-0619,CI/CD performance degradation,2026-02-19,2026-02-20,2026-02-23,,
INC-0620,Firewall disk space alert,2026-02-19,2026-02-20,2026-02-22,,
INC-0621,Load Balancer permission denied,2026-02-19,2026-02-19,2026-02-20,2026-02-25,2026-03-02
INC-0622,VPN permission denied,2026-02-19,2026-02-19,2026-02-20,,
INC-0623,VPN performance degradation,2026-02-20,2026-02-21,2026-02-24,2026-02-28,
INC-0624,Load Balancer data sync error,2026-02-20,2026-02-20,2026-02-22,2026-02-25,2026-02-28
INC-0625,API Gateway network connectivity,2026-02-20,2026-02-20,2026-02-21,2026-02-24,2026-02-27
INC-0626,CI/CD timeout issue,2026-02-20,2026-02-21,2026-02-22,2026-02-24,2026-03-01
INC-0627,DNS data sync error,2026-02-20,2026-02-21,2026-02-22,2026-02-25,
INC-0628,Firewall certificate expired,2026-02-23,2026-02-24,,,
INC-0629,Cache data sync error,2026-02-23,2026-02-24,2026-02-25,2026-03-01,
INC-0630,Load Balancer certificate expired,2026-02-23,2026-02-23,2026-02-25,2026-02-27,2026-03-02
INC-0631,Monitoring deployment failed,2026-02-23,2026-02-24,2026-02-25,,
INC-0632,Firewall backup failure,2026-02-23,2026-02-24,,,
INC-0633,Cache disk space alert,2026-02-23,2026-02-23,,,
INC-0634,CI/CD permission denied,2026-02-23,2026-02-23,2026-02-24,2026-02-28,
INC-0635,Email deployment failed,2026-02-24,2026-02-24,2026-02-26,,
INC-0636,DNS service unavailable,2026-02-24,2026-02-25,2026-02-26,2026-03-03,
INC-0637,API Gateway deployment failed,2026-02-24,2026-02-24,,,
INC-0638,Storage certificate expired,2026-02-24,2026-02-25,2026-02-28,,
INC-0639,API Gateway disk space alert,2026-02-25,2026-02-26,2026-03-01,,
INC-0640,Email performance degradation,2026-02-25,2026-02-25,2026-02-28,,
INC-0641,Database permission denied,2026-02-25,2026-02-26,,,
INC-0642,Monitoring permission denied,2026-02-25,2026-02-25,2026-02-27,2026-03-01,
INC-0643,Database data sync error,2026-02-25,2026-02-26,2026-02-28,,
INC-0644,Firewall network connectivity,2026-02-25,2026-02-25,2026-02-26,,
INC-0645,Cache login failure,2026-02-26,2026-02-26,2026-02-27,2026-03-03,
INC-0646,Load Balancer config error,2026-02-26,2026-02-26,2026-03-01,2026-03-06,
INC-0647,API Gateway performance degradation,2026-02-26,2026-02-26,2026-02-28,,
INC-0648,Monitoring timeout issue,2026-02-26,2026-02-26,2026-02-27,,
INC-0649,Firewall backup failure,2026-02-26,2026-02-26,2026-02-27,2026-03-02,
INC-0650,Auth certificate expired,2026-02-26,2026-02-27,2026-03-01,2026-03-06,
INC-0651,Database disk space alert,2026-02-26,2026-02-27,2026-03-01,2026-03-03,
INC-0652,Auth config error,2026-02-27,2026-02-27,2026-02-28,2026-03-05,
INC-0653,Email certificate expired,2026-02-27,2026-02-27,2026-02-28,2026-03-05,
INC-0654,Auth network connectivity,2026-02-27,2026-02-28,2026-03-01,,
INC-0655,DNS config error,2026-02-27,2026-02-28,,,
INC-0656,Monitoring certificate expired,2026-02-27,2026-02-27,2026-03-02,2026-03-05,
INC-0657,Cache network connectivity,2026-02-27,2026-02-28,2026-03-01,,
INC-0658,Cache config error,2026-03-02,2026-03-02,,,
INC-0659,DNS login failure,2026-03-02,2026-03-02,2026-03-03,2026-03-07,
INC-0660,API Gateway service unavailable,2026-03-02,2026-03-02,2026-03-04,2026-03-09,
INC-0661,Auth config error,2026-03-02,2026-03-02,2026-03-03,2026-03-06,
INC-0662,API Gateway deployment failed,2026-03-02,2026-03-03,,,
INC-0663,CI/CD service unavailable,2026-03-02,2026-03-02,2026-03-03,2026-03-07,
